Stretch ratio (-),Ogden Pzz (Pa),Ogden Pxx (Pa)
0.1,-52684.948272253576,8.191239012942194e-07
0.11,-66313.26218232534,2.9649124555398376e-09
0.12,-81791.94282030586,3.7294305548531893e-10
0.13,-99174.57909974399,1.5315139792434258e-09
0.13999999999999999,-118506.91365635491,1.0456729850228552e-07
0.14999999999999997,-139826.50266396077,-0.0
0.15999999999999998,-163162.27380975665,1.1913401712563123e-09
0.16999999999999998,-188533.99621739832,-2.8510374425865372e-11
0.17999999999999997,-215951.6746028344,3.15035327330694e-08
0.18999999999999995,-245414.878449925,1.3293747019198607e-10
0.19999999999999996,-276912.01587434625,8.590763843607095e-11
0.20999999999999996,-310419.5610787842,1.0308793770199972e-10
0.21999999999999995,-345901.2438900616,-1.6708569137574756e-10
0.22999999999999995,-383307.2097257171,1.9944835528360377e-07
0.23999999999999994,-422573.1584366945,1.2606908917448486e-07
0.24999999999999992,-463619.47079779644,1.8009713474116432e-07
0.2599999999999999,-506350.33187529666,1.1389724284497585e-10
0.2699999999999999,-550652.8612106417,4.572058732449217e-10
0.2799999999999999,-596396.2605427904,-1.0422070258987176e-10
0.2899999999999999,-643430.9908348285,-1.9987952432602065e-10
0.29999999999999993,-691587.9915162144,-2.8793375470881845e-10
0.30999999999999994,-740677.9562360356,6.775003589464301e-09
0.3199999999999999,-790490.6809940055,-1.0666217088384252e-10
0.32999999999999985,-840794.5023279688,4.4564571398254856e-10
0.33999999999999986,-891335.8453099414,-3.309148055481738e-11
0.34999999999999987,-941838.9034816592,5.996167545831008e-08
0.3599999999999999,-992005.4755805299,-5.259452596716017e-10
0.3699999999999999,-1041514.9870386546,-6.890965516803305e-10
0.3799999999999999,-1090024.7278118015,1.3069155781009424e-09
0.3899999999999999,-1137170.342239041,3.3814562092564834e-10
0.3999999999999998,-1182566.6113728483,1.2314351297203276e-09
0.4099999999999998,-1225808.5737045642,-5.319617557738351e-10
0.4199999999999998,-1266473.036528028,-8.279689551227949e-10
0.4299999999999998,-1304120.5374718904,1.5114022137658356e-10
0.43999999999999984,-1338297.824127361,-2.4543401600502553e-10
0.44999999999999984,-1368540.9293456431,-4.78633816668438e-10
0.45999999999999985,-1394378.9308164278,3.2693804741295103e-10
0.46999999999999986,-1415338.4960742306,-1.185834913995101e-09
0.47999999999999976,-1430949.32815504,4.457065641375846e-11
0.48999999999999977,-1440750.6426523358,3.922843041360384e-10
0.4999999999999998,-1444298.8235720953,1.1090479051166261e-09
0.5099999999999998,-1441176.422417275,3.3419035974131944e-10
0.5199999999999998,-1431002.6809047863,7.369068992913394e-10
0.5299999999999998,-1413445.7700395868,7.628541043296849e-10
0.5399999999999998,-1388236.9424867071,-6.304800020321453e-10
0.5499999999999998,-1355186.7838665305,-6.966408742088871e-10
0.5599999999999997,-1314203.709683289,-0.0
0.5699999999999997,-1265314.7689199748,5.987234436864261e-10
0.5799999999999997,-1208688.6532516298,5.157536980349418e-10
0.5899999999999997,-1144660.527980596,-9.074676487893666e-10
0.5999999999999998,-1073757.8338786107,-1.4319094110830128e-10
0.6099999999999998,-996725.4744662179,5.653918622737523e-10
0.6199999999999998,-914547.705068309,2.7933703827061746e-10
0.6299999999999997,-828462.5024876476,-5.871646075852208e-10
0.6399999999999997,-739962.2427348546,-3.59142854664915e-10
0.6499999999999997,-650772.4380933869,-2.8826443394407836e-10
0.6599999999999997,-562798.893466695,5.218642270602997e-10
0.6699999999999997,-478034.52708594885,-1.6735472785259288e-10
0.6799999999999997,-398422.5654609221,-1.6660589139813868e-11
0.6899999999999997,-325684.82270880305,-2.2423151467139137e-10
0.6999999999999996,-261141.35707125164,5.8038650484382165e-11
0.7099999999999996,-205564.1290595359,1.823545673180947e-10
0.7199999999999996,-159110.26512102885,5.392937313138198e-11
0.7299999999999996,-121360.97551769199,4.157020738995553e-12
0.7399999999999997,-91455.3492677709,2.9187102893175226e-11
0.7499999999999997,-68274.78092545275,3.348340168815133e-11
0.7599999999999997,-50623.589245303236,1.1770873289144504e-10
0.7699999999999997,-37366.511702215204,7.920702873302032e-11
0.7799999999999997,-27509.56167709745,5.732644559719996e-11
0.7899999999999996,-20231.281664972765,4.58978246728369e-11
0.7999999999999996,-14880.39269921966,-1.0733854625592634e-11
0.8099999999999996,-10955.61206697713,2.320972748528366e-11
0.8199999999999996,-8079.060706423202,-1.4386256523688298e-11
0.8299999999999996,-5969.930642937246,1.0647486297399961e-11
0.8399999999999996,-4421.520906545299,-3.0068169068744314e-11
0.8499999999999996,-3282.584779283906,-3.03800355960998e-11
0.8599999999999995,-2442.8262224765667,-4.777643964837592e-11
0.8699999999999996,-1821.9334939299365,-4.448747707959451e-11
0.8799999999999996,-1361.436450294122,2.7040376349873377e-11
0.8899999999999996,-1018.7308095264527,3.033526015205258e-11
0.8999999999999996,-762.7246838107153,4.218725804001522e-11
0.9099999999999996,-570.6805382118695,5.04538552856387e-11
0.9199999999999996,-425.9292492874903,1.0088404853050877e-11
0.9299999999999996,-316.21649444650416,5.6363590653556175e-11
0.9399999999999996,-232.50603913987285,-1.7055776874410106e-12
0.9499999999999995,-168.11263603966415,3.7493393410224933e-11
0.9599999999999995,-118.07264627229569,-3.3046293817066776e-11
0.9699999999999995,-78.68622437219274,4.517043859299839e-11
0.9799999999999995,-47.18348561077963,-2.8240482120920795e-11
0.9899999999999995,-21.480432150192595,2.454716889506413e-11
0.9999999999999996,-5.910224298992193e-13,2.9551121494960947e-13
1.0099999999999996,18.45953696268795,7.1607089926818e-11
1.0199999999999996,34.821637839227975,8.173297755313244e-11
1.0299999999999996,49.80333027199214,-6.58369962111178e-11
1.0399999999999996,63.968552507724766,6.002482873758792e-11
1.0499999999999996,77.76790713359107,6.609405960050271e-11
1.0599999999999996,91.56840490142376,6.712556556607123e-11
1.0699999999999996,105.67581628444688,7.275004647724991e-11
1.0799999999999996,120.35155092554244,7.9735226273373e-12
1.0899999999999996,135.8254774440534,4.868716375972671e-11
1.0999999999999996,152.30572554615645,1.4818187054772262e-11
1.1099999999999997,169.98624124554246,9.076112802805745e-11
1.1199999999999997,189.05266704398315,6.952269010635993e-11
1.1299999999999997,209.6869725491313,5.358997674630047e-11
1.1399999999999997,232.07115301721723,2.8831252784806713e-11
1.1499999999999995,256.39023343709493,-7.332634344861049e-11
1.1599999999999995,282.83475653089215,4.321096208187863e-11
1.1699999999999995,311.60288899357295,-3.327608800626923e-11
1.1799999999999995,342.90224745357017,8.454044828846065e-11
1.1899999999999995,376.95152107426736,2.510787945196136e-12
1.1999999999999995,413.98194931771263,2.504896489001213e-11
1.2099999999999995,454.23869954382405,5.347563662635732e-11
1.2199999999999995,497.9821786894644,8.626851107149284e-11
1.2299999999999995,545.4893053695993,7.292386329028842e-11
1.2399999999999995,597.0547627455521,-2.9712603252729523e-11
1.2499999999999996,652.9922479254933,-8.585531884903898e-11
1.2599999999999996,713.6357301460239,5.166771177043485e-11
1.2699999999999996,779.3407272643494,-3.1418136852186324e-11
1.2799999999999996,850.4856079672473,-5.004233973825624e-11
1.2899999999999996,927.4729254174623,3.6721122471445656e-11
1.2999999999999994,1010.7307867100479,4.983258019316958e-11
1.3099999999999994,1100.7142613967965,-9.422104851723575e-12
1.3199999999999994,1197.9068313979296,-1.0695888774600052e-10
1.3299999999999994,1302.8218838059622,2.580450853165314e-11
1.3399999999999994,1416.0042473505116,2.9019096730284503e-11
1.3499999999999994,1538.031772612657,1.0346360492639113e-10
1.3599999999999994,1669.5169554146562,-3.0716508747098626e-11
1.3699999999999994,1811.1086021649464,5.079638409591638e-12
1.3799999999999994,1963.493535270306,-1.0283795615982424e-10
1.3899999999999995,2127.3983360487377,-1.764198978262178e-11
1.3999999999999995,2303.5911218513934,-1.1507956349028294e-11
1.4099999999999995,2492.8833533475413,4.814805663088004e-11
1.4199999999999995,2696.131667111131,-4.2254193983332944e-11
1.4299999999999995,2914.2397277877,-3.721210414008584e-11
1.4399999999999995,3148.160093193967,2.3337326162894967e-11
1.4499999999999995,3398.89608472162,7.385261803554649e-11
1.4599999999999995,3667.503654369406,-3.361682715622765e-11
1.4699999999999993,3955.093238622656,-1.1388134558156052e-10
1.4799999999999993,4262.831588232802,7.059293656840808e-11
1.4899999999999993,4591.943561732476,4.819005231257496e-11
1.4999999999999993,4943.713869257605,-9.522875066754645e-12
1.5099999999999993,5319.488751942404,1.1501053210663358e-10
1.5199999999999994,5720.677580829768,-3.759924941591849e-11
1.5299999999999994,6148.754357904681,-1.8489358491223895e-11
1.5399999999999994,6605.259100528694,2.299870446011139e-11
1.5499999999999994,7091.799089267119,-4.986125709017132e-11
1.5599999999999994,7610.049957863997,-7.98740516767163e-11
1.5699999999999994,8161.756602978389,-9.658991870189721e-11
1.5799999999999994,8748.733890278554,1.1190126539063167e-10
1.5899999999999994,9372.867132634072,7.833845992136882e-11
1.5999999999999994,10036.112315498503,-1.1332143217012406e-11
1.6099999999999994,10740.496044172363,6.819120489588387e-11
1.6199999999999992,11488.115187535746,1.0182196231534124e-10
1.6299999999999992,12281.136193087037,-2.2860949357274013e-11
1.6399999999999992,13121.794048761009,-1.0698495028542334e-11
1.6499999999999992,14012.39086808995,1.2567393410127948e-10
1.6599999999999993,14955.294076846792,7.684097732428459e-12
1.6699999999999993,15952.934181421197,1.5409868643139437e-11
1.6799999999999993,17007.802101848807,1.1279299426060844e-10
1.6899999999999993,18122.44605568703,1.285824418601247e-10
1.6999999999999993,19299.46798279224,-9.629932964305486e-11
1.7099999999999993,20541.519505529515,-9.654607998130863e-11
1.7199999999999993,21851.297423991633,1.623568991723159e-10
1.7299999999999993,23231.53875141306,2.8170017870072817e-11
1.7399999999999993,24685.01530103961,-2.823883420919853e-11
1.7499999999999993,26214.527842215546,-9.121032428356241e-11
1.7599999999999993,27822.899850245554,9.773074766372417e-11
1.7699999999999994,29512.97088156974,1.3903597207263209e-10
1.7799999999999994,31287.5896128073,-6.334182755616701e-12
1.7899999999999991,33149.60658911887,-1.3648846027538463e-10
1.7999999999999992,35101.86673393603,-5.407839011410007e-11
1.8099999999999992,37147.201678218145,2.0402449548015606e-10
1.8199999999999992,39288.42197284647,9.58364989900972e-11
1.8299999999999992,41528.30925237104,-1.600540162343792e-10
1.8399999999999992,43869.6084219022,-5.7734473958158234e-11
1.8499999999999992,46315.01994136251,-1.9282310223020962e-11
1.8599999999999992,48867.19228244072,3.2198202696093083e-10
1.8699999999999992,51528.71463333492,1.8064333026219543e-10
1.8799999999999992,54302.109924693745,1.0341043979349887e-10
1.8899999999999992,57189.828247032245,-3.625692339471968e-10
1.8999999999999992,60194.24072538887,-2.0753399434921453e-10
1.9099999999999993,63317.63391112909,-7.79533012968317e-11
1.9199999999999993,66562.20474377667,5.855814116764752e-11
1.9299999999999993,69930.0561276795,-1.6942871253318626e-10
1.939999999999999,73423.19315943168,1.305238367986482e-10
1.949999999999999,77043.52003246707,-5.09774162915933e-10
1.959999999999999,80792.83763538934,4.973903445162896e-10
1.969999999999999,84672.84185063413,-3.931992532955494e-11
1.979999999999999,88685.1225502198,-9.186377396113253e-11
1.989999999999999,92831.16327590332,-5.2557925333237776e-11
1.9999999999999991,97112.3415821556,2.1047833678523033e-10
2.009999999999999,101529.93001231443,-7.901784250547499e-11
2.019999999999999,106085.09767108054,-2.5049059059438663e-10
2.029999999999999,110778.91235042753,-3.035338148407368e-10
2.039999999999999,115612.34316101234,-1.4530850642213758e-10
2.049999999999999,120586.26361735568,1.7188527378824415e-10
2.059999999999999,125701.45512243317,-5.293346498407565e-11
2.069999999999999,130958.6107958087,-4.238123326935432e-10
2.079999999999999,136358.33958904922,-7.952554288166137e-11
2.089999999999999,141901.17063271772,5.570769843641142e-10
2.099999999999999,147587.55776073175,4.778130232784773e-10
2.109999999999999,153417.88416011567,4.515473142826391e-10
2.119999999999999,159392.46709706078,-0.0
2.129999999999999,165511.5626736256,1.8613551539515081e-10
2.1399999999999992,171775.370573195,4.788641741743528e-10
2.149999999999999,178184.03875688754,-2.927667424727737e-10
2.1599999999999993,184737.66807730912,2.3963028234102664e-10
2.169999999999999,191436.31678032246,5.593322898984079e-10
2.1799999999999993,198280.0048697349,-8.792200298848968e-10
2.189999999999999,205268.71831389004,-5.596518680616494e-10
2.199999999999999,212402.4130771277,4.264970537943876e-10
2.209999999999999,219681.01896272914,3.1993180751821275e-10
2.219999999999999,227104.4432574276,5.866270424421044e-10
2.229999999999999,234672.57417072455,-1.0667093286634345e-10
2.239999999999999,242385.2840650419,-4.2671375372810573e-10
2.249999999999999,250242.43247532335,4.2672828054158536e-10
2.259999999999999,258243.86891888108,-5.86750556309245e-10
2.269999999999999,266389.4354981958,-7.467465413607194e-10
2.279999999999999,274678.9693010264,8.000297645078757e-10
2.289999999999999,283112.3046035181,-5.332984191823123e-10
2.299999999999999,291689.27488308825,-9.598078188767826e-10
2.309999999999999,300409.7146487782,-2.1325522570467247e-10
2.319999999999999,309273.46109735,-1.8123134139303295e-09
2.329999999999999,318280.35560394026,-5.862041711170732e-10
2.339999999999999,327430.24505634955,-6.926101972900358e-10
2.3499999999999988,336722.9830422139,-1.118515357048927e-09
2.359999999999999,346158.4308983525,4.2596892888152527e-10
2.3699999999999988,355736.458631503,-8.516510262466754e-10
2.379999999999999,365456.94571950403,3.724622715253926e-10
2.389999999999999,375319.7818017785,4.786944890925124e-10
2.399999999999999,385324.86726763804,-1.5949911116288619e-10
2.409999999999999,395472.1137506625,-5.314321599113007e-10
2.419999999999999,405761.44453699666,1.593565536060961e-09
2.429999999999999,416192.794895051,2.123732522657577e-10
2.439999999999999,426766.11233366525,6.36799654106685e-10
2.449999999999999,437481.3567954363,1.0607772198640056e-10
2.459999999999999,448338.5007914284,-1.6963205499479606e-09
2.469999999999999,459337.52948314307,-3.814570100772987e-09
2.479999999999999,470478.4407172019,-4.235941069786741e-10
2.489999999999999,481761.2450177973,-1.7991922362952951e-09
2.4999999999999987,493185.9655415824,1.1634620316711211e-09
2.509999999999999,504752.63799937756,2.2197399564235484e-09
2.5199999999999987,516461.3105486149,1.1619605638278209e-09
2.529999999999999,528312.043660219,-6.33371768771467e-10
2.5399999999999987,540304.9099632513,-3.481153773780596e-09
2.549999999999999,552439.9940703809,4.2166189741834403e-10
2.5599999999999987,564717.3923869571,3.160197404672644e-10
2.569999999999999,577137.2129062103,-1.9999946840521237e-09
2.5799999999999987,589699.5749928766,-4.628114444821799e-09
2.589999999999999,602404.6091573059,1.99698714089994e-09
2.5999999999999988,615252.4568219361,-1.680374845235122e-09
2.609999999999999,628243.270081751,-6.296459429172132e-10
2.6199999999999988,641377.2114603219,3.5651488774281526e-09
2.629999999999999,654654.4536626635,3.038401352904662e-09
2.639999999999999,668075.179326171,-1.5702968264899767e-09
2.649999999999999,681639.5807706706,4.1839738286163147e-10
2.659999999999999,695347.8597485156,-3.1353351878073497e-10
2.6699999999999986,709200.2271955622,9.397977858183587e-10
2.679999999999999,723196.9029837501,1.0433179387218023e-10
2.6899999999999986,737338.1156758755,-2.9187385684911537e-09
2.699999999999999,751624.1022831846,-1.3539320627256436e-09
2.7099999999999986,766055.1080261634,-8.324456008861956e-10
2.719999999999999,780631.3860989865,2.079238738598227e-09
2.7299999999999986,795353.1974379584,1.0386736373582614e-09
2.739999999999999,810220.810494179,2.075440252531806e-09
2.7499999999999987,825234.5010107491,2.280870124629841e-09
2.759999999999999,840394.5518046325,1.0357910035891976e-09
2.7699999999999987,855701.2525533648,-1.2417791853312852e-09
2.779999999999999,871154.8995867115,-3.928570662451645e-09
2.7899999999999987,886755.7956833447,-3.5116780018207823e-09
2.799999999999999,902504.2498726343,-5.778374082171693e-09
2.8099999999999987,918400.577241511,-5.3604344332676856e-09
2.819999999999999,934445.0987464908,5.1492375318463e-09
2.8299999999999987,950638.1410308037,1.2346043421074394e-09
2.8399999999999985,966980.0362465797,2.672335508297085e-09
2.8499999999999988,983471.1218821217,-3.4911231606343837e-09
2.8599999999999985,1000111.7405941213,6.154655496547345e-10
2.8699999999999988,1016902.2400448391,-1.8445437462809431e-09
2.8799999999999986,1033842.9727440992,-4.09485187542236e-10
2.889999999999999,1050934.2958960736,6.136052697702487e-10
2.8999999999999986,1068176.5712507349,-3.6778829975024194e-09
2.909999999999999,1085570.1649598868,-7.348243031729095e-09
2.9199999999999986,1103115.447437696,-4.078164271448859e-10
2.929999999999999,1120812.7932256057,2.648073012926559e-09
2.9399999999999986,1138662.5808615126,7.325533027448399e-09
2.949999999999999,1156665.1927531539,-3.6589600975886597e-09
2.9599999999999986,1174821.0150555056,1.2183813261454116e-09
2.969999999999999,1193130.437552227,6.694084341946261e-09
2.9799999999999986,1211593.8535408715,-6.4844176294552575e-09
2.9899999999999984,1230211.6597218828,-4.858190765057027e-09
2.9999999999999987,1248984.2560912445,6.066322881484704e-10
3.0099999999999985,1267912.0458366198,3.02994782606561e-09
3.0199999999999987,1286995.435236966,-6.053457591683785e-10
3.0299999999999985,1306234.8335654149,-3.829772682523081e-09
3.0399999999999987,1325630.6529954288,2.4162208590846836e-09
3.0499999999999985,1345183.3085100453,-8.045448386310284e-10
3.0599999999999987,1364893.2178141566,-4.822090122526478e-09
3.0699999999999985,1384760.8012496985,2.809861574022021e-09
3.0799999999999987,1404786.481713701,4.00976323214961e-10
3.0899999999999985,1424970.6845790544,-6.008152029054078e-09
3.0999999999999988,1445313.8376179093,1.2003308261820589e-09
3.1099999999999985,1465816.3709277103,-4.396444637451235e-09
3.1199999999999988,1486478.7168596156,-9.981075961562936e-09
3.1299999999999986,1507301.3099493536,7.976181485171295e-10
3.1399999999999983,1528284.5868504331,2.3902495833939476e-09
3.1499999999999986,1549428.98626951,-3.1835251534611786e-09
3.1599999999999984,1570734.9489039502,3.975062507864968e-10
3.1699999999999986,1592202.917381524,-2.382430709791148e-09
3.1799999999999984,1613833.3362020145,-6.346196483994248e-09
3.1899999999999986,1635626.6516808744,-1.1489880305193666e-08
3.1999999999999984,1657583.3118946778,1.1081511928443783e-08
3.2099999999999986,1679703.7666284798,-9.092678615169623e-09
3.2199999999999984,1701988.4673247822,1.1846985233145357e-09
3.2299999999999986,1724437.8670343705,-1.5778611066557402e-09
3.2399999999999984,1747052.4203686088,-2.3641871239004993e-09
3.2499999999999987,1769832.5834534527,-3.542375400089493e-09
3.2599999999999985,1792778.8138848643,-1.1401742684815898e-08
3.2699999999999987,1815891.5706857906,-3.927300351559923e-09
3.2799999999999985,1839171.3142644996,-5.099858063202134e-09
3.2899999999999987,1862618.5063742811,-6.269820502656912e-09
3.2999999999999985,1886233.6100745134,-3.1314486410842048e-09
3.3099999999999983,1910017.0896929414,8.992969928394727e-09
3.3199999999999985,1933969.410789257,1.952833201070857e-09
3.3299999999999983,1958091.0401197595,-1.0533643489873384e-08
3.3399999999999985,1982382.445603285,-3.1176289948171127e-09
3.3499999999999983,2006844.0962881348,3.892727006684903e-09
3.3599999999999985,2031476.462320147,7.776843840025743e-10
3.3699999999999983,2056280.0149117217,1.12639513851109e-08
3.3799999999999986,2081255.2263119342,-8.147632345393534e-09
3.3899999999999983,2106402.569777483,-1.4339473467098824e-08
3.3999999999999986,2131722.5195446913,5.419745328523804e-09
3.4099999999999984,2157215.550802339,-4.253661465730445e-09
3.4199999999999986,2182882.139665313,1.7382097990445625e-08
3.4299999999999984,2208722.7631492075,7.330992745656351e-09
3.4399999999999986,2234737.899145606,-7.322887833849339e-09
3.4499999999999984,2260928.0263981917,-3.4649022188634917e-09
3.4599999999999986,2287293.6244796724,-3.845636959402269e-10
3.4699999999999984,2313835.1737692943,-1.843866450601536e-08
3.479999999999998,2340553.15543115,3.453431327870804e-09
3.4899999999999984,2367448.051393186,-1.5331638103731053e-09
3.4999999999999982,2394520.344326716,-1.5314717504132545e-09
3.5099999999999985,2421770.5176267633,-0.0
3.5199999999999982,2449199.0553928497,3.820238264359e-09
3.5299999999999985,2476806.442410472,-1.3737699075141138e-08
3.5399999999999983,2504593.1641330635,7.623646916406696e-10
3.5499999999999985,2532559.7066646167,7.615252352480095e-10
3.5599999999999983,2560706.5567427096,-1.4453055931143911e-08
3.5699999999999985,2589034.2017221316,-2.2795514018973365e-09
3.5799999999999983,2617543.1295589902,6.072121538068164e-09
3.5899999999999985,2646233.8287952635,1.6679989621413848e-08
3.5999999999999983,2675106.78854386,9.088187357492694e-09
3.6099999999999985,2704162.498474086,6.808662075486713e-09
3.6199999999999983,2733401.4487975696,-1.0579639667271997e-08
3.629999999999998,2762824.1302545886,2.3400677953650286e-08
3.6399999999999983,2792431.0341008757,6.032272937252675e-09
3.649999999999998,2822222.652094632,3.766045877209381e-09
3.6599999999999984,2852199.476484175,-3.009543068938824e-08
3.669999999999998,2882361.9999956707,-3.0062556209900705e-09
3.6799999999999984,2912710.715821529,-6.005948813525026e-09
3.689999999999998,2943246.117608848,1.6498347102293682e-08
3.6999999999999984,2973968.6994484067,8.240184879091927e-09
3.709999999999998,3004878.955863814,5.986337251689122e-09
3.7199999999999984,3035977.381801121,-2.242434597488145e-09
3.729999999999998,3067264.472618628,-7.466658542856228e-09
3.7399999999999984,3098740.7240770124,2.237565393915117e-09
3.7499999999999982,3130406.6323297527,-7.450460392831829e-09
3.7599999999999985,3162262.693913804,-6.69814728192606e-09
3.7699999999999982,3194309.40574056,-1.8585819559189358e-08
3.779999999999998,3226547.265087033,-8.911543603609579e-09
3.7899999999999983,3258976.7695873417,1.9287479853231544e-08
3.799999999999998,3291598.4172243853,1.4820506664609308e-08
3.8099999999999983,3324412.706321762,4.441357173205102e-09
3.819999999999998,3357420.135535914,-1.330971734852853e-08
3.8299999999999983,3390621.2038485077,3.693164887624069e-09
3.839999999999998,3424016.4105590284,-5.1648723642228546e-09
3.8499999999999983,3457606.255277528,8.84455850451475e-09
3.859999999999998,3491391.2379176393,1.2516349982675829e-08
3.8699999999999983,3525371.8586897305,-2.7212276482392262e-08
3.879999999999998,3559548.6180942217,1.7632312764778927e-08
3.8899999999999983,3593922.0169152752,-2.2016825562109627e-08
3.899999999999998,3628492.55621429,2.492575348577453e-08
3.9099999999999984,3663260.737324019,1.098492504073164e-08
3.919999999999998,3698227.061842416,1.7557152172265056e-08
3.9299999999999984,3733392.0316270073,-2.2653851813116717e-08
3.939999999999998,3768756.148789102,2.5549739514278085e-08
3.949999999999998,3804319.9156884747,2.187652328012797e-09
3.959999999999998,3840083.834927888,7.284440712768508e-10
3.969999999999998,3876048.409347936,3.0562242720882885e-08
3.979999999999998,3912214.1420220537,-2.1807077045876257e-09
3.989999999999998,3948581.5362514504,-7.261344405969875e-09
3.9999999999999982,3985151.095560432,-2.8289354522200242e-08
4.009999999999998,4021923.323691638,7.970637861493046e-09
4.019999999999998,4058898.7246015896,-5.066884016480474e-09
4.029999999999998,4096077.802456136,4.338476767859117e-09
4.039999999999998,4133461.061626232,1.300176189904329e-08
4.049999999999998,4171049.0066836663,1.5874375157302466e-08
4.059999999999998,4208842.142396982,2.1624200006079777e-08
4.069999999999998,4246840.973727486,2.3041682723458715e-08
4.079999999999998,4285046.0058253575,-3.3087812058939297e-08
4.089999999999998,4323457.744025785,-7.18549698123139e-09
4.099999999999998,4362076.693845385,4.7374858937734565e-08
4.109999999999998,4400903.360978542,-1.4341076931806438e-09
4.119999999999997,4439938.251293811,-8.59570270297549e-09
4.129999999999997,4479181.87083058,8.586780342027946e-09
4.139999999999998,4518634.72579577,-2.859293022996976e-08
4.149999999999998,4558297.322560402,1.142533183334636e-08
4.1599999999999975,4598170.167656627,-7.1334497913928775e-09
4.169999999999997,4638253.767774463,-1.56773864152573e-08
4.179999999999998,4678548.629758844,7.11873721312276e-09
4.189999999999998,4719055.260606669,-7.11140721578447e-09
4.1999999999999975,4759774.167463879,1.847064629458094e-08
4.209999999999997,4800705.857622728,1.8451679316707018e-08
4.219999999999998,4841850.838518973,1.1343235560954852e-08
4.229999999999998,4883209.617729181,-9.915167047962352e-09
4.2399999999999975,4924782.702968223,-1.4150039147905464e-08
4.249999999999997,4966570.602086616,-9.894912156236956e-09
4.259999999999998,5008573.823068111,-1.4121173254866978e-09
4.269999999999998,5050792.874027247,-1.9749509482134274e-08
4.279999999999998,5093228.263206911,1.8320180383085056e-08
4.289999999999997,5135880.498976187,1.2670321584380294e-08
4.299999999999997,5178750.089827917,-1.406385837624003e-09
4.309999999999998,5221837.544376614,-7.02480812381797e-09
4.319999999999998,5265143.37135625,1.5438949523792046e-08
4.329999999999997,5308668.079618211,-2.6640347556022844e-08
4.339999999999997,5352412.178129133,1.4007096888042947e-08
4.349999999999998,5396376.175969079,-4.3378277060727146e-08
4.359999999999998,5440560.5823293235,2.655995300930435e-08
4.369999999999997,5484965.906510711,2.23438191031895e-08
4.379999999999997,5529592.6579215955,-1.2555796905614801e-08
4.389999999999998,5574441.346076057,-2.0905377165229892e-08
4.399999999999998,5619512.480592132,-0.0
4.4099999999999975,5664806.571190111,-2.9209079819165834e-08
4.419999999999997,5710324.127690729,-4.168566108260074e-09
4.429999999999997,5756065.6600135835,-1.8045805687261363e-08
4.439999999999998,5802031.678175438,2.496166461079505e-08
4.4499999999999975,5848222.692288713,3.879071748943335e-08
4.459999999999997,5894639.212559846,4.844034158409794e-08
4.469999999999997,5941281.7492878055,3.594864297341063e-08
4.479999999999998,5988150.812862595,1.105019059962733e-08
4.4899999999999975,6035246.913763781,2.7598217685055588e-08
4.499999999999997,6082570.56255912,-0.0
4.509999999999997,6130122.269903085,-4.407024064847283e-08
4.519999999999998,6177902.546535553,-1.3758420824107803e-09
4.529999999999998,6225911.903280498,3.711129653170955e-08
4.539999999999997,6274150.851044651,-3.5701800107042406e-08
4.549999999999997,6322619.900816141,7.407737044195694e-08
4.559999999999998,6371319.563663478,3.974344009693657e-08
4.569999999999998,6420250.350734063,-7.256373291464233e-08
4.579999999999997,6469412.773253104,5.881513778991743e-08
4.589999999999997,6518807.342522587,6.8323202084514796e-09
4.599999999999997,6568434.56991989,-4.095412341108576e-09
4.609999999999998,6618294.966896787,3.818679508513263e-08
4.619999999999997,6668389.044978374,4.0874820693891795e-08
4.629999999999997,6718717.315761954,-2.0417657667290628e-08
4.639999999999997,6769280.290915939,-1.3598635661442492e-08
4.649999999999998,6820078.482178919,2.717106359893158e-09
4.6599999999999975,6871112.401358603,-3.800288830858633e-08
4.669999999999997,6922382.560330817,3.932231948237292e-08
4.679999999999997,6973889.471038604,-1.3546412919380673e-08
4.689999999999998,7025633.645491163,1.8946812152099487e-08
4.6999999999999975,7077615.595763045,2.974508553227217e-08
4.709999999999997,7129835.833993186,-4.592577659687936e-08
4.719999999999997,7182294.872383976,8.096820571074037e-09
4.729999999999998,7234993.223200504,-3.2356445131722797e-08
4.7399999999999975,7287931.398769559,2.693806965227669e-09
4.749999999999997,7341109.911478948,-0.0
4.759999999999997,7394529.2737765545,2.6886988728510007e-08
4.769999999999997,7448189.998169593,3.760615891937427e-08
4.779999999999998,7502092.597223838,-1.3418078878901501e-08
4.789999999999997,7556237.583562735,1.3405417786503504e-08
4.799999999999997,7610625.469866832,-0.0
4.809999999999997,7665256.768872924,-2.1408301549353712e-08
4.819999999999998,7720131.993373279,8.020572041025197e-09
4.829999999999997,7775251.656215107,-5.609134604364354e-08
4.839999999999997,7830616.270299605,5.337030139871024e-08
4.849999999999997,7886226.348581578,1.5996118626767655e-08
4.859999999999998,7942082.404068543,-8.256944749231963e-08
4.869999999999997,7998184.949819992,1.8627332022259826e-08
4.879999999999997,8054534.498947152,1.3292851779731236e-08
4.889999999999997,8111131.564611889,-2.9217092511189865e-08
4.899999999999997,8167976.660026378,-1.5921805823011678e-08
4.9099999999999975,8225070.298452403,-7.953525876484963e-09
4.919999999999997,8282412.993200761,-1.0594889065874293e-08
4.929999999999997,8340005.257630623,5.557177938967321e-08
4.939999999999997,8397847.605149131,1.8506838714810773e-08
4.9499999999999975,8455940.549210645,-3.697958499162558e-08
4.959999999999997,8514284.603316233,7.916909006548016e-09
4.969999999999997,8572880.281013262,2.109237045586031e-08
4.979999999999997,8631728.09589468,4.741431884291931e-08
4.9899999999999975,8690828.561598668,-5.263434407904935e-09
